<?xml version="1.0" encoding="UTF-8"?>
<serviceTemplates syntaxversion="2.1.0.0" xmlns="http://www.n-able.com"
    xmlns:xsi="http://www.w3.org/2001/XMLSchema-instance" xsi:schemaLocation="http://www.n-able.com file:///opt/nable/var/ncsai/etc/servicetemplate_v2_1_0_0.xsd">
    <serviceTemplate id="-1" version="2.1.0.0">
        <name>EDR Status - Mac</name>
        <description/>
        <deviceClass>Workstations - Mac</deviceClass>
        <removesServices>false</removesServices>
        <services>
            <service autoReapply="false" id="721176"
                isCustomService="true" name="EDR Status - Mac">
                <configurationName>EDR Status - Mac</configurationName>
                <action actionId="2"/>
                <parameters>
                    <parameter key="scan_interval"
                        parameterId="101770296" type="2"
                        useAssetInfo="false" useDefaultValue="true" value="0,5,10,15,20,25,30,35,40,45,50,55 0-23 * * *"/>
                    <parameter key="Reg4" parameterId="257627071"
                        type="2" useAssetInfo="false"
                        useDefaultValue="true" value="NotReady"/>
                    <parameter key="Reg3" parameterId="1290260100"
                        type="2" useAssetInfo="false"
                        useDefaultValue="true" value="ProtectionDis"/>
                    <parameter key="Reg2" parameterId="1324626866"
                        type="2" useAssetInfo="false"
                        useDefaultValue="true" value="INFECTION"/>
                    <parameter key="FileSpec" parameterId="1730977600"
                        type="2" useAssetInfo="false"
                        useDefaultValue="true" value="/var/log/sentinelctl.log"/>
                </parameters>
                <thresholds>
                    <threshold detailName="SD721176_GLA_LINECNT"
                        monitoringType="Default" taskState="3"
                        valueHigh="715827882" valueLow="0"
                        valueString="" valueStringEval=""/>
                    <threshold detailName="SD721176_GLA_LINECNT"
                        monitoringType="Default" taskState="4"
                        valueHigh="1431655764" valueLow="715827882"
                        valueString="" valueStringEval=""/>
                    <threshold detailName="SD721176_GLA_LINECNT"
                        monitoringType="Default" taskState="5"
                        valueHigh="2147483647" valueLow="1431655764"
                        valueString="" valueStringEval=""/>
                    <threshold detailName="SD721176_GLA_MOFFSET"
                        monitoringType="Default" taskState="3"
                        valueHigh="715827882" valueLow="0"
                        valueString="" valueStringEval=""/>
                    <threshold detailName="SD721176_GLA_MOFFSET"
                        monitoringType="Default" taskState="4"
                        valueHigh="1431655764" valueLow="715827882"
                        valueString="" valueStringEval=""/>
                    <threshold detailName="SD721176_GLA_MOFFSET"
                        monitoringType="Default" taskState="5"
                        valueHigh="2147483647" valueLow="1431655764"
                        valueString="" valueStringEval=""/>
                    <threshold detailName="SD721176_GLA_REGEX2"
                        monitoringType="Normal" taskState="3"
                        valueHigh="0" valueLow="0" valueString="" valueStringEval=""/>
                    <threshold detailName="SD721176_GLA_REGEX2"
                        monitoringType="Normal" taskState="5"
                        valueHigh="1" valueLow="1" valueString="" valueStringEval=""/>
                    <threshold detailName="SD721176_GLA_REGEX3"
                        monitoringType="Normal" taskState="3"
                        valueHigh="0" valueLow="0" valueString="" valueStringEval=""/>
                    <threshold detailName="SD721176_GLA_REGEX3"
                        monitoringType="Normal" taskState="5"
                        valueHigh="1" valueLow="1" valueString="" valueStringEval=""/>
                    <threshold detailName="SD721176_GLA_REGEX4"
                        monitoringType="Normal" taskState="3"
                        valueHigh="0" valueLow="0" valueString="" valueStringEval=""/>
                    <threshold detailName="SD721176_GLA_REGEX4"
                        monitoringType="Normal" taskState="5"
                        valueHigh="1" valueLow="1" valueString="" valueStringEval=""/>
                    <threshold detailName="SD721176_GLA_SIZE"
                        monitoringType="Default" taskState="3"
                        valueHigh="3074457345618258602" valueLow="0"
                        valueString="" valueStringEval=""/>
                    <threshold detailName="SD721176_GLA_SIZE"
                        monitoringType="Default" taskState="4"
                        valueHigh="6148914691236517204"
                        valueLow="3074457345618258602" valueString="" valueStringEval=""/>
                    <threshold detailName="SD721176_GLA_SIZE"
                        monitoringType="Default" taskState="5"
                        valueHigh="9223372036854775807"
                        valueLow="6148914691236517204" valueString="" valueStringEval=""/>
                </thresholds>
                <selfHealing>
                    <selfHealingProperty
                        key="retryMonitoringBeforeSelfHeal" value="false"/>
                    <selfHealingProperty key="executeSelfHeal" value="false"/>
                    <selfHealingProperty
                        key="retryMonitoringIntervalAfterSelfHeal" value="10"/>
                    <selfHealingProperty key="selectedAutomationPolicy" value=""/>
                    <selfHealingProperty
                        key="retryMonitoringCountAfterSelfHeal" value="3"/>
                    <selfHealingProperty key="waitIntervalAfterSelfHeal" value="3"/>
                    <selfHealingProperty
                        key="retryMonitoringCountBeforeSelfHeal" value="3"/>
                    <selfHealingProperty key="notificationType" value="FollowStandardNotificationRules"/>
                    <selfHealingProperty key="selectedStatuses" value=""/>
                    <selfHealingProperty
                        key="retryMonitoringIntervalBeforeSelfHeal" value="10"/>
                </selfHealing>
            </service>
        </services>
    </serviceTemplate>
</serviceTemplates>
