<?xml version="1.0" encoding="UTF-8" standalone="no" ?>


<service xmlns="http://www.n-able.com" author="paul.kelly@n-able.com" creationdate="04/13/2022" organization="N-able Technologies" syntaxversion="1.1.0.0" version="1.0.1.15" xmlns:xsi="http://www.w3.org/2001/XMLSchema-instance">


	<servicedefinition id="721176" reason="" releasedependency="4.5.0.0" servicetype="Log Append" version="1.0.1.15">
		<description country="ca" language="en"/>
		<displayname country="ca" language="en">EDR Status - Mac</displayname>
		<displaylabel>EDR Status - Mac</displaylabel>
		<help country="ca" language="en">EDR Status - Mac</help>
		<popuphelp country="ca" language="en">EDR Status - Mac</popuphelp>


		<serviceparameters aggregatedata="true" aggregatetasks="false" maxinstances="100" maxpollrate="59" minpollrate="1" schedulertype="Cron-like Scheduler" serviceinstancetype="Single" timetostale="10000" usesstockserviceitem="false"/>


		<moduleparameters>


		
			<moduleparameter key="FileSpec" max="" min="" phardcoded="false" preferredident="1" foruseby="3" type="2" value="/Applications/Mac_Agent.app/Contents/Daemon/var/log/sentinelctl.log">
				<shortdescription country="ca" language="en">Log File Name and Path</shortdescription>
				<longdescription country="ca" language="en">Log File Name and Path</longdescription>
				<help country="ca" language="en">Log File Name and Path</help>
				<presentationinfo>
					<presentationitem datatype="String" description="" type="validation" value="^(([a-zA-Z]+:|\\)(\\[^\\]+)+)|(/[^/]+)+$" />
					<presentationitem datatype="String" description="" type="mandatory" value="" />
				</presentationinfo>
			</moduleparameter>
			<moduleparameter key="GenericLogPrefix" max="" min="" phardcoded="true" preferredident="0" foruseby="3" type="2" value="SD721176_GLA_">
				<shortdescription country="ca" language="en">Generic Log Prefix</shortdescription>
				<longdescription country="ca" language="en">Generic Log Prefix</longdescription>
				<help country="ca" language="en">Generic Log Prefix</help>
			</moduleparameter>
			<moduleparameter key="LastLineProcessed" max="" min="" phardcoded="true" preferredident="0" foruseby="3" type="2" value="">
				<shortdescription country="ca" language="en">Last Line Processed</shortdescription>
				<longdescription country="ca" language="en">Last Line Processed</longdescription>
				<help country="ca" language="en">Last Line Processed</help>
			</moduleparameter>
			<moduleparameter key="LogSignature" max="" min="" phardcoded="true" preferredident="0" foruseby="3" type="2" value="">
				<shortdescription country="ca" language="en">Log Signature</shortdescription>
				<longdescription country="ca" language="en">Log Signature</longdescription>
				<help country="ca" language="en">Log Signature</help>
			</moduleparameter>
			<moduleparameter key="Reg2" max="" min="" phardcoded="false" preferredident="0" foruseby="3" type="2" value="INFECTION">
				<shortdescription country="ca" language="en">Infection Status</shortdescription>
				<longdescription country="ca" language="en">Infection Status</longdescription>
				<help country="ca" language="en">A regular expression is a string of characters and metacharacters specified by the user to find predetermined key words in a log file. You can set a different threshold option that is applicable for each regular expression that you specify.</help>
				<presentationinfo>
					<presentationitem datatype="String" description="" type="mandatory" value="" />
				</presentationinfo>
			</moduleparameter>
			<moduleparameter key="Reg3" max="" min="" phardcoded="false" preferredident="0" foruseby="3" type="2" value="ProtectionDis">
				<shortdescription country="ca" language="en">Protection Enabled</shortdescription>
				<longdescription country="ca" language="en">Protection Enabled</longdescription>
				<help country="ca" language="en">A regular expression is a string of characters and metacharacters specified by the user to find predetermined key words in a log file. You can set a different threshold option that is applicable for each regular expression that you specify.</help>
				<presentationinfo>
					<presentationitem datatype="String" description="" type="mandatory" value="" />
				</presentationinfo>
			</moduleparameter>
			<moduleparameter key="Reg4" max="" min="" phardcoded="false" preferredident="0" foruseby="3" type="2" value="NotReady">
				<shortdescription country="ca" language="en">Product Status</shortdescription>
				<longdescription country="ca" language="en">Product Status</longdescription>
				<help country="ca" language="en">A regular expression is a string of characters and metacharacters specified by the user to find predetermined key words in a log file. You can set a different threshold option that is applicable for each regular expression that you specify.</help>
				<presentationinfo>
					<presentationitem datatype="String" description="" type="mandatory" value="" />
				</presentationinfo>
			</moduleparameter>
			<moduleparameter key="scan_interval" max="" min="" phardcoded="false" preferredident="0" foruseby="3" type="2" value="0,5,10,15,20,25,30,35,40,45,50,55 0-23 * * *">
				<shortdescription country="ca" language="en">Scan Interval</shortdescription>
				<longdescription country="ca" language="en">Scan Interval</longdescription>
				<help country="ca" language="en">The number of minutes between scans.</help>
			</moduleparameter>
		</moduleparameters>



		<scandetails>
			<scandetailid>3293100</scandetailid>
			<scandetailid>3293101</scandetailid>
			<scandetailid>3293102</scandetailid>
			<scandetailid>3293103</scandetailid>
			<scandetailid>3293104</scandetailid>
			<scandetailid>3293105</scandetailid>
			<scandetailid>3293106</scandetailid>
			<scandetailid>3293107</scandetailid>
			<scandetailid>3293108</scandetailid>
			<scandetailid>3293112</scandetailid>
			<scandetailid>3293113</scandetailid>
			<scandetailid>3293114</scandetailid>
			<scandetailid>3293115</scandetailid>
			<scandetailid>3293116</scandetailid>
			<scandetailid>3293117</scandetailid>
			<scandetailid>3293118</scandetailid>
			<scandetailid>3293119</scandetailid>
			<scandetailid>3293120</scandetailid>
		</scandetails>
	</servicedefinition>



	<scandetail id="3293100" unit="Byte" monitoringtypeon="true" processforstate="true" cookid="13" releasedependency="2022.2.0.77" version="1.0.0.0" >
		<thresholddefaults>
			<thresholds configurable="true" type="LongLong"><threshold high="3074457345618258602" low="0" streval="" strvalue="" state="Normal"/><threshold high="6148914691236517204" low="3074457345618258602" streval="" strvalue="" state="Warning"/><threshold high="9223372036854775807" low="6148914691236517204" streval="" strvalue="" state="Failed"/>
			</thresholds>
		</thresholddefaults>
		<description country="ca" language="en">File Size</description>
		<displayname country="ca" language="en">SD721176_GLA_SIZE</displayname>
	</scandetail>



	<scandetail id="3293101" monitoringtypeon="true" processforstate="true" cookid="11" releasedependency="2022.2.0.77" version="1.0.0.0" >
		<thresholddefaults>
			<thresholds configurable="true" type="Long"><threshold high="715827882" low="0" streval="" strvalue="" state="Normal"/><threshold high="1431655764" low="715827882" streval="" strvalue="" state="Warning"/><threshold high="2147483647" low="1431655764" streval="" strvalue="" state="Failed"/>
			</thresholds>
		</thresholddefaults>
		<description country="ca" language="en">Line Count of Log File</description>
		<displayname country="ca" language="en">SD721176_GLA_LINECNT</displayname>
	</scandetail>



	<scandetail id="3293102" monitoringtypeon="true" processforstate="false" cookid="9" releasedependency="2022.2.0.77" version="1.0.0.0" >
		<description country="ca" language="en">File Creation Date</description>
		<displayname country="ca" language="en">SD721176_GLA_CTIME</displayname>
	</scandetail>



	<scandetail id="3293103" monitoringtypeon="true" processforstate="false" cookid="9" releasedependency="2022.2.0.77" version="1.0.0.0" >
		<description country="ca" language="en">File Modification Date</description>
		<displayname country="ca" language="en">SD721176_GLA_MTIME</displayname>
	</scandetail>



	<scandetail id="3293104" monitoringtypeon="true" processforstate="false" cookid="8" releasedependency="2022.2.0.77" version="1.0.0.0" >
		<description country="ca" language="en">Error message (from module)</description>
		<displayname country="ca" language="en">SD721176_GLA_ERROR</displayname>
	</scandetail>



	<scandetail id="3293105" unit="Minutes" monitoringtypeon="true" processforstate="true" cookid="11" releasedependency="2022.2.0.77" version="1.0.0.0" >
		<thresholddefaults>
			<thresholds configurable="true" type="Long"><threshold high="715827882" low="0" streval="" strvalue="" state="Normal"/><threshold high="1431655764" low="715827882" streval="" strvalue="" state="Warning"/><threshold high="2147483647" low="1431655764" streval="" strvalue="" state="Failed"/>
			</thresholds>
		</thresholddefaults>
		<description country="ca" language="en">Difference in minutes between the last modification date of the file and the local time of the test</description>
		<displayname country="ca" language="en">SD721176_GLA_MOFFSET</displayname>
	</scandetail>



	<scandetail id="3293106" monitoringtypeon="true" processforstate="false" cookid="5" releasedependency="2022.2.0.77" version="1.0.0.0" >
		<description country="ca" language="en">Unique Signature for existing log file (Used for determining if the file has changed)</description>
		<displayname country="ca" language="en">SD721176_GLA_SIGNATURE</displayname>
	</scandetail>



	<scandetail id="3293107" monitoringtypeon="true" processforstate="false" cookid="5" releasedependency="2022.2.0.77" version="1.0.0.0" >
		<description country="ca" language="en">Whitespace trimmed first 5 entries of the log file</description>
		<displayname country="ca" language="en">SD721176_GLA_FIRST5</displayname>
	</scandetail>



	<scandetail id="3293108" monitoringtypeon="true" processforstate="false" cookid="5" releasedependency="2022.2.0.77" version="1.0.0.0" >
		<description country="ca" language="en">Whitespace trimmed last 5 entries of the log file</description>
		<displayname country="ca" language="en">SD721176_GLA_LAST5</displayname>
	</scandetail>



	<scandetail id="3293112" monitoringtypeon="true" processforstate="true" cookid="2" releasedependency="2022.2.0.77" version="1.0.0.0" >
		<thresholddefaults>
			<thresholds configurable="true" type="Boolean"><threshold high="0" low="0" streval="" strvalue="" state="Normal"/><threshold high="1" low="1" streval="" strvalue="" state="Failed"/>
			</thresholds>
		</thresholddefaults>
		<description country="ca" language="en">Infection Status</description>
		<displayname country="ca" language="en">SD721176_GLA_REGEX2</displayname>
	</scandetail>



	<scandetail id="3293113" monitoringtypeon="true" processforstate="false" cookid="5" releasedependency="2022.2.0.77" version="1.0.0.0" >
		<description country="ca" language="en">The first lines matched Infection Status</description>
		<displayname country="ca" language="en">SD721176_GLA_REG2LINE</displayname>
	</scandetail>



	<scandetail id="3293114" monitoringtypeon="false" processforstate="false" cookid="19" releasedependency="2022.2.0.77" version="1.0.0.0" >
		<description country="ca" language="en">The line count matched Infection Status</description>
		<displayname country="ca" language="en">SD721176_GLA_REG2COUNT</displayname>
	</scandetail>



	<scandetail id="3293115" monitoringtypeon="true" processforstate="true" cookid="2" releasedependency="2022.2.0.77" version="1.0.0.0" >
		<thresholddefaults>
			<thresholds configurable="true" type="Boolean"><threshold high="0" low="0" streval="" strvalue="" state="Normal"/><threshold high="1" low="1" streval="" strvalue="" state="Failed"/>
			</thresholds>
		</thresholddefaults>
		<description country="ca" language="en">Protection Enabled</description>
		<displayname country="ca" language="en">SD721176_GLA_REGEX3</displayname>
	</scandetail>



	<scandetail id="3293116" monitoringtypeon="true" processforstate="false" cookid="5" releasedependency="2022.2.0.77" version="1.0.0.0" >
		<description country="ca" language="en">The first lines matched Protection Enabled</description>
		<displayname country="ca" language="en">SD721176_GLA_REG3LINE</displayname>
	</scandetail>



	<scandetail id="3293117" monitoringtypeon="false" processforstate="false" cookid="19" releasedependency="2022.2.0.77" version="1.0.0.0" >
		<description country="ca" language="en">The line count matched Protection Enabled</description>
		<displayname country="ca" language="en">SD721176_GLA_REG3COUNT</displayname>
	</scandetail>



	<scandetail id="3293118" monitoringtypeon="true" processforstate="true" cookid="2" releasedependency="2022.2.0.77" version="1.0.0.0" >
		<thresholddefaults>
			<thresholds configurable="true" type="Boolean"><threshold high="0" low="0" streval="" strvalue="" state="Normal"/><threshold high="1" low="1" streval="" strvalue="" state="Failed"/>
			</thresholds>
		</thresholddefaults>
		<description country="ca" language="en">Product Status</description>
		<displayname country="ca" language="en">SD721176_GLA_REGEX4</displayname>
	</scandetail>



	<scandetail id="3293119" monitoringtypeon="true" processforstate="false" cookid="5" releasedependency="2022.2.0.77" version="1.0.0.0" >
		<description country="ca" language="en">The first lines matched Product Status</description>
		<displayname country="ca" language="en">SD721176_GLA_REG4LINE</displayname>
	</scandetail>



	<scandetail id="3293120" monitoringtypeon="false" processforstate="false" cookid="19" releasedependency="2022.2.0.77" version="1.0.0.0" >
		<description country="ca" language="en">The line count matched Product Status</description>
		<displayname country="ca" language="en">SD721176_GLA_REG4COUNT</displayname>
	</scandetail>
</service>
<?N-able-SDK version=3.0?>